itemid,label,abbreviation,linksto,category,unitname,param_type,lownormalvalue,highnormalvalue
220003,ICU Admission date,ICU Admission date,datetimeevents,ADT,,Date and time,,
220045,Heart Rate,HR,chartevents,Routine Vital Signs,bpm,Numeric,,
220046,Heart rate Alarm - High,HR Alarm - High,chartevents,Alarms,bpm,Numeric,,
220047,Heart Rate Alarm - Low,HR Alarm - Low,chartevents,Alarms,bpm,Numeric,,
220048,Heart Rhythm,Heart Rhythm,chartevents,Routine Vital Signs,,Text,,
220050,Arterial Blood Pressure systolic,ABPs,chartevents,Routine Vital Signs,mmHg,Numeric,90.0,140.0
220051,Arterial Blood Pressure diastolic,ABPd,chartevents,Routine Vital Signs,mmHg,Numeric,60.0,90.0
220052,Arterial Blood Pressure mean,ABPm,chartevents,Routine Vital Signs,mmHg,Numeric,,
220056,Arterial Blood Pressure Alarm - Low,ABP Alarm - Low,chartevents,Alarms,mmHg,Numeric,,
220058,Arterial Blood Pressure Alarm - High,ABP Alarm - High,chartevents,Alarms,mmHg,Numeric,,
220059,Pulmonary Artery Pressure systolic,PAPs,chartevents,Hemodynamics,mmHg,Numeric,15.0,25.0
220060,Pulmonary Artery Pressure diastolic,PAPd,chartevents,Hemodynamics,mmHg,Numeric,8.0,15.0
220061,Pulmonary Artery Pressure mean,PAPm,chartevents,Hemodynamics,mmHg,Numeric,10.0,20.0
220063,Pulmonary Artery Pressure Alarm - High,PAP Alarm - High,chartevents,Alarms,mmHg,Numeric,,
220066,Pulmonary Artery Pressure Alarm - Low,PAP Alarm - Low,chartevents,Alarms,mmHg,Numeric,,
220069,Left Artrial Pressure,LAP,chartevents,Hemodynamics,mmHg,Numeric,6.0,12.0
220072,Central Venous Pressure Alarm - High,CVP Alarm - High,chartevents,Alarms,mmHg,Numeric,,
220073,Central Venous Pressure  Alarm - Low,CVP Alarm - Low,chartevents,Alarms,mmHg,Numeric,,
220074,Central Venous Pressure,CVP,chartevents,Hemodynamics,mmHg,Numeric,,
220088,Cardiac Output (thermodilution),CO (thermodilution),chartevents,Hemodynamics,L/min,Numeric,4.0,8.0
220125,Left Ventricular Assit Device Flow,LVAD,chartevents,Hemodynamics,L/min,Numeric,,
220128,Right Ventricular Assist Device Flow,RVAD,chartevents,Hemodynamics,L/min,Numeric,,
220179,Non Invasive Blood Pressure systolic,NBPs,chartevents,Routine Vital Signs,mmHg,Numeric,,
220180,Non Invasive Blood Pressure diastolic,NBPd,chartevents,Routine Vital Signs,mmHg,Numeric,,
220181,Non Invasive Blood Pressure mean,NBPm,chartevents,Routine Vital Signs,mmHg,Numeric,,
220194,Temporary AV interval,Temp AV interval,chartevents,Cardiovascular (Pacer Data),msec,Numeric,,
220210,Respiratory Rate,RR,chartevents,Respiratory,insp/min,Numeric,,
220224,Arterial O2 pressure,PO2 (Arterial),chartevents,Labs,mmHg,Numeric,,
220227,Arterial O2 Saturation,SaO2,chartevents,Labs,%,Numeric,,
220228,Hemoglobin,Hemoglobin,chartevents,Labs,g/dl,Numeric,,
220235,Arterial CO2 Pressure,PCO2 (Arterial),chartevents,Labs,mmHg,Numeric,,
220245,CO2 production,CO2 production,chartevents,Respiratory,ml/min,Numeric,,
220274,PH (Venous),PH (Venous),chartevents,Labs,,Numeric,,
220277,O2 saturation pulseoxymetry,SpO2,chartevents,Respiratory,%,Numeric,,
220283,Resistance,Resistance,chartevents,Respiratory,cmH2O/L/seconds,Numeric,,
220292,Minute Volume Alarm - Low,MV Alarm - Low,chartevents,Alarms,L/min,Numeric,,
220293,Minute Volume Alarm - High,MV Alarm - High,chartevents,Alarms,L/min,Numeric,,
220339,PEEP set,PEEP set,chartevents,Respiratory,cmH2O,Numeric,,
220507,Activated Clotting Time,ACT,chartevents,Labs,,Numeric,,
220541,ZFibrinogen,ZFibrinogen,chartevents,Labs,,Numeric,,
220545,Hematocrit (serum),Hematocrit (serum),chartevents,Labs,,Numeric,,
220546,WBC,WBC,chartevents,Labs,,Numeric,,
220560,ZProthrombin time,ZPT,chartevents,Labs,,Numeric,,
220561,ZINR,ZINR,chartevents,Labs,,Numeric,,
220562,ZPTT,ZPTT,chartevents,Labs,,Numeric,,
220574,ZAlbumin,ZAlbumin,chartevents,Labs,,Numeric,,
220580,Ammonia,Ammonia,chartevents,Labs,,Numeric,,
220581,Amylase,Amylase,chartevents,Labs,,Numeric,,
220587,AST,AST,chartevents,Labs,,Numeric,,
220602,Chloride (serum),Chloride (serum),chartevents,Labs,,Numeric,,
220603,Cholesterol,Cholesterol,chartevents,Labs,,Numeric,,
220611,ZCortisol,ZCortisol,chartevents,Labs,,Numeric,,
220612,ZC Reactive Protein (CRP),ZC Reaction Protein (CRP),chartevents,Labs,,Numeric,,
220615,Creatinine (serum),Creatinine (serum),chartevents,Labs,,Numeric,,
220621,Glucose (serum),Glucose (serum),chartevents,Labs,,Numeric,,
220624,HDL,HDL,chartevents,Labs,,Numeric,,
220632,LDH,LDH,chartevents,Labs,,Numeric,,
220635,Magnesium,Magnesium,chartevents,Labs,,Numeric,,
220640,ZPotassium (serum),ZPotassium (serum),chartevents,Labs,,Numeric,,
220644,ALT,ALT,chartevents,Labs,,Numeric,,
220645,Sodium (serum),Sodium (serum),chartevents,Labs,,Numeric,,
220650,Total Protein,Total Protein,chartevents,Labs,,Numeric,,
228542,Pressure Ulcer #4- Treatment,Pressure Ulcer #4- Treatment,chartevents,Skin - Impairment,,Text,,
228543,Pressure Ulcer #5- Treatment,Pressure Ulcer #5- Treatment,chartevents,Skin - Impairment,,Text,,
228544,Pressure Ulcer #6- Treatment,Pressure Ulcer #6- Treatment,chartevents,Skin - Impairment,,Text,,
228545,Pressure Ulcer #7- Treatment,Pressure Ulcer #7- Treatment,chartevents,Skin - Impairment,,Text,,
228546,Pressure Ulcer #8- Treatment,Pressure Ulcer #8- Treatment,chartevents,Skin - Impairment,,Text,,
228547,Pressure Ulcer #9- Treatment,Pressure Ulcer #9- Treatment,chartevents,Skin - Impairment,,Text,,
228548,Pressure Ulcer #10- Treatment,Pressure Ulcer #10- Treatment,chartevents,Skin - Impairment,,Text,,
228549,Pressure Ulcer #1- Type,Pressure Ulcer #1- Type,chartevents,Skin - Impairment,,Text,,
228550,Pressure Ulcer #2- Type,Pressure Ulcer #2- Type,chartevents,Skin - Impairment,,Text,,
227088,Admit from,Admit from,chartevents,General,,Text,,
228551,Pressure Ulcer #3- Type,Pressure Ulcer #3- Type,chartevents,Skin - Impairment,,Text,,
228552,Pressure Ulcer #4- Type,Pressure Ulcer #4- Type,chartevents,Skin - Impairment,,Text,,
228553,Pressure Ulcer #5- Type,Pressure Ulcer #5- Type,chartevents,Skin - Impairment,,Text,,
228554,Pressure Ulcer #6- Type,Pressure Ulcer #6- Type,chartevents,Skin - Impairment,,Text,,
228555,Pressure Ulcer #7- Type,Pressure Ulcer #7- Type,chartevents,Skin - Impairment,,Text,,
228556,Pressure Ulcer #8- Type,Pressure Ulcer #8- Type,chartevents,Skin - Impairment,,Text,,
228557,Pressure Ulcer #9- Type,Pressure Ulcer #9- Type,chartevents,Skin - Impairment,,Text,,
228558,Pressure Ulcer #10- Type,Pressure Ulcer #10- Type,chartevents,Skin - Impairment,,Text,,
225470,OR Sent,OR Sent,procedureevents,3-Significant Events,,Processes,,
228559,Incision #1- Location,Incision #1- Location,chartevents,Skin - Incisions,,Text,,
228560,Incision #2- Location,Incision #2- Location,chartevents,Skin - Incisions,,Text,,
228561,Incision #3- Location,Incision #3- Location,chartevents,Skin - Incisions,,Text,,
228562,Incision #4- Location,Incision #4- Location,chartevents,Skin - Incisions,,Text,,
228563,Incision #5- Location,Incision #5- Location,chartevents,Skin - Incisions,,Text,,
228564,Incision #6- Location,Incision #6- Location,chartevents,Skin - Incisions,,Text,,
228565,Incision #1- Cleanse,Incision #1- Cleanse,chartevents,Skin - Incisions,,Text,,
228566,Incision #2- Cleanse,Incision #2- Cleanse,chartevents,Skin - Incisions,,Text,,
228567,Incision #3- Cleanse,Incision #3- Cleanse,chartevents,Skin - Incisions,,Text,,
228568,Incision #4- Cleanse,Incision #4- Cleanse,chartevents,Skin - Incisions,,Text,,
228569,Incision #5- Cleanse,Incision #5- Cleanse,chartevents,Skin - Incisions,,Text,,
228570,Incision #6- Cleanse,Incision #6- Cleanse,chartevents,Skin - Incisions,,Text,,
228571,Incision #1- Treatment,Incision #1- Treatment,chartevents,Skin - Incisions,,Text,,
228572,Incision #2- Treatment,Incision #2- Treatment,chartevents,Skin - Incisions,,Text,,
228573,Incision #3- Treatment,Incision #3- Treatment,chartevents,Skin - Incisions,,Text,,
228574,Incision #4- Treatment,Incision #4- Treatment,chartevents,Skin - Incisions,,Text,,
228575,Incision #5- Treatment,Incision #5- Treatment,chartevents,Skin - Incisions,,Text,,
228576,Incision #6- Treatment,Incision #6- Treatment,chartevents,Skin - Incisions,,Text,,
228586,Dressing Status,Dressing Status,chartevents,Skin - Impairment,,Text,,
228594,Incision #1- Dressing Status,Incision #1- Dressing Status,chartevents,Skin - Incisions,,Text,,
228595,Incision #2- Dressing Status,Incision #2- Dressing Status,chartevents,Skin - Incisions,,Text,,
228596,Incision #3- Dressing Status,Incision #3- Dressing Status,chartevents,Skin - Incisions,,Text,,
228597,Incision #4- Dressing Status,Incision #4- Dressing Status,chartevents,Skin - Incisions,,Text,,
228598,Incision #5- Dressing Status,Incision #5- Dressing Status,chartevents,Skin - Incisions,,Text,,
228599,Incision #6- Dressing Status,Incision #6- Dressing Status,chartevents,Skin - Incisions,,Text,,
228600,Impaired Skin #1- Dressing Status,Impaired Skin #1- Dressing Status,chartevents,Skin - Impairment,,Text,,
228601,Impaired Skin #2- Dressing Status,Impaired Skin #2- Dressing Status,chartevents,Skin - Impairment,,Text,,
228602,Impaired Skin #3- Dressing Status,Impaired Skin #3- Dressing Status,chartevents,Skin - Impairment,,Text,,
228603,Impaired Skin #4- Dressing Status,Impaired Skin #4- Dressing Status,chartevents,Skin - Impairment,,Text,,
228604,Impaired Skin #5- Dressing Status,Impaired Skin #5- Dressing Status,chartevents,Skin - Impairment,,Text,,
228605,Impaired Skin #6- Dressing Status,Impaired Skin #6- Dressing Status,chartevents,Skin - Impairment,,Text,,
228606,Impaired Skin #7- Dressing Status,Impaired Skin #7- Dressing Status,chartevents,Skin - Impairment,,Text,,
228607,Impaired Skin #8- Dressing Status,Impaired Skin #8- Dressing Status,chartevents,Skin - Impairment,,Text,,
228608,Impaired Skin #9- Dressing Status,Impaired Skin #9- Dressing Status,chartevents,Skin - Impairment,,Text,,
228609,Impaired Skin #10- Dressing Status,Impaired Skin #10- Dressing Status,chartevents,Skin - Impairment,,Text,,
228610,Pressure Ulcer #1- Depth,Pressure Ulcer #1- Depth,chartevents,Skin - Impairment,cm,Numeric,,
228611,Pressure Ulcer #2- Depth,Pressure Ulcer #2- Depth,chartevents,Skin - Impairment,cm,Numeric,,
228612,Pressure Ulcer #3- Depth,Pressure Ulcer #3- Depth,chartevents,Skin - Impairment,cm,Numeric,,
228613,Pressure Ulcer #4- Depth,Pressure Ulcer #4- Depth,chartevents,Skin - Impairment,cm,Numeric,,
228614,Pressure Ulcer #5- Depth,Pressure Ulcer #5- Depth,chartevents,Skin - Impairment,cm,Numeric,,
228615,Pressure Ulcer #6- Depth,Pressure Ulcer #6- Depth,chartevents,Skin - Impairment,cm,Numeric,,
228616,Pressure Ulcer #7- Depth,Pressure Ulcer #7- Depth,chartevents,Skin - Impairment,cm,Numeric,,
228617,Pressure Ulcer #8- Depth,Pressure Ulcer #8- Depth,chartevents,Skin - Impairment,cm,Numeric,,
228618,Pressure Ulcer #9- Depth,Pressure Ulcer #9- Depth,chartevents,Skin - Impairment,cm,Numeric,,
228619,Pressure Ulcer #10- Depth,Pressure Ulcer #10- Depth,chartevents,Skin - Impairment,cm,Numeric,,
228620,Pressure Ulcer #1- Width,Pressure Ulcer #1-  Width,chartevents,Skin - Impairment,cm,Numeric,,
228621,Pressure Ulcer #2- Width,Pressure Ulcer #2-  Width,chartevents,Skin - Impairment,cm,Numeric,,
228622,Pressure Ulcer #3- Width,Pressure Ulcer #3-  Width,chartevents,Skin - Impairment,cm,Numeric,,
228623,Pressure Ulcer #4- Width,Pressure Ulcer #4-  Width,chartevents,Skin - Impairment,cm,Numeric,,
228624,Pressure Ulcer #5- Width,Pressure Ulcer #5-  Width,chartevents,Skin - Impairment,cm,Numeric,,
228625,Pressure Ulcer #6- Width,Pressure Ulcer #6-  Width,chartevents,Skin - Impairment,cm,Numeric,,
228626,Pressure Ulcer #7- Width,Pressure Ulcer #7-  Width,chartevents,Skin - Impairment,cm,Numeric,,
228627,Pressure Ulcer #8- Width,Pressure Ulcer #8-  Width,chartevents,Skin - Impairment,cm,Numeric,,
227089,Discharge to,Discharge to,chartevents,General,,Text,,
228628,Pressure Ulcer #9- Width,Pressure Ulcer #9-  Width,chartevents,Skin - Impairment,cm,Numeric,,
228629,Pressure Ulcer #10- Width,Pressure Ulcer #10-  Width,chartevents,Skin - Impairment,cm,Numeric,,
228631,Date signed,Date signed,datetimeevents,Research Enrollment Note,,Date and time,,
228640,EtCO2,EtCO2,chartevents,Routine Vital Signs,,Numeric,,
228641,EtCO2 Clinical indication,EtCO2 Clinical indication,chartevents,Routine Vital Signs,,Text,,
228642,Barrier precautions in place (Bronch),Barrier precautions in place (Bronch),chartevents,Bronchoscopy,,Text,,
228643,Barrier precautions in place (Intubation),Barrier precautions in place (Intubation),chartevents,Intubation,,Text,,
228644,Barrier precautions in place (LP),Barrier precautions in place (LP),chartevents,Lumbar Puncture,,Text,,
228645,Barrier precautions in place (PACEN),Barrier precautions in place (PACEN),chartevents,Paracentesis,,Text,,
228646,Barrier precautions in place (THCEN),Barrier precautions in place (THCEN),chartevents,Thoracentesis,,Text,,
228647,Barrier precautions in place (A-Line),Barrier precautions in place (A-Line),chartevents,Arterial Line Insertion,,Text,,
228648,Home TF,Home TF,chartevents,Adm History/FHPA,,Checkbox,,
228649,Pressure Ulcer Present,Pressure Ulcer Present,chartevents,Adm History/FHPA,,Checkbox,,
228684,Abdominal - (GI / Hepatic)_OLD_1,Abdominal - (GI / Hepatic)_OLD_1,chartevents,MD Progress Note,,Text,,
228685,Admission type,Admission type,chartevents,MD Progress Note,,Text,,
228686,Cardiovascular_OLD_1,Cardiovascular_OLD_1,chartevents,MD Progress Note,,Text,,
228687,Code Status.,Code Status.,chartevents,MD Progress Note,,Text,,
228688,Delirium,Delirium,chartevents,MD Progress Note,,Text,,
228689,Discharge from ICU,Discharge from ICU,chartevents,MD Progress Note,,Text,,
228690,DVT Prophy_OLD_1,DVT Prophy_OLD_1,chartevents,MD Progress Note,,Text,,
228691,Febrile last 24 hours,Febrile last 24 hours,chartevents,MD Progress Note,,Text,,
228692,Glucose Control - Prophy,Glucose Control - Prophy,chartevents,MD Progress Note,,Text,,
228693,Hematological_OLD_1,Hematological_OLD_1,chartevents,MD Progress Note,,Text,,
228694,ICU Consent,ICU Consent,chartevents,MD Progress Note,,Text,,
228695,Lines/Tubes_OLD_1,Lines/Tubes_OLD_1,chartevents,MD Progress Note,,Text,,
228697,Mobilization Plan,Mobilization Plan,chartevents,MD Progress Note,,Text,,
228698,Abdominal - (GI / Hepatic / Renal),Abdominal - (GI / Hepatic / Renal),chartevents,MD Progress Note,,Text,,
228699,Cardiovascular,Cardiovascular,chartevents,MD Progress Note,,Text,,
228700,DVT Prophy,DVT Prophy,chartevents,MD Progress Note,,Text,,
228701,Hematological / Skin,Hematological / Skin,chartevents,MD Progress Note,,Text,,
228702,Lines/Tubes,Lines/Tubes,chartevents,MD Progress Note,,Text,,
228703,Musculoskeletal,Musculoskeletal,chartevents,MD Progress Note,,Text,,
228704,Neurological,Neurological,chartevents,MD Progress Note,,Text,,
228706,Pain control old,Pain control old,chartevents,MD Progress Note,,Text,,
228707,Progress,Progress,chartevents,MD Progress Note,,Text,,
228708,Renal,Renal,chartevents,MD Progress Note,,Text,,
228709,Respiratory,Respiratory,chartevents,MD Progress Note,,Text,,
228710,Sedation goal,Sedation goal,chartevents,MD Progress Note,,Text,,
228711,Time spent,Time spent,chartevents,MD Progress Note,,Numeric,,
228712,VAP - Prophy,VAP - Prophy,chartevents,MD Progress Note,,Text,,
228713,Vascular,Vascular,chartevents,MD Progress Note,,Text,,
228715,Transcranial Doppler,Trascranial Doppler,procedureevents,5-Imaging,,Processes,,
228718,Billing Diagnosis,Billing Diagnosis,chartevents,MD Progress Note,,Text,,
228719,Vented,Vented,chartevents,MD Progress Note,,Checkbox,,
227045,Post-Operative Musculoskeletal/Skin (MUSKELSKIN),Musculoskeletal/Skin Post-Operative,chartevents,Scores - APACHE IV,,Text,,
227046,Post-Operative Neurologic (NEUROLOGIC),Neurologic Post-Operative,chartevents,Scores - APACHE IV,,Text,,
227047,Post-Operative Respiratory (RESPIRAT),Respiratory Post-Operative,chartevents,Scores - APACHE IV,,Text,,
227048,Post-Operative Transplant (TRANSPLANT),Transplant Post-Operative,chartevents,Scores - APACHE IV,,Text,,
227049,Post-Operative Trauma (TRAUMA),Trauma Post-Operative,chartevents,Scores - APACHE IV,,Text,,
227050,RR_ApacheIV,RR_ApacheIV,chartevents,Scores - APACHE IV (2),insp/min,Numeric,,
227051,RRScore_ApacheIV,RRScore_ApacheIV,chartevents,Scores - APACHE IV (2),,Numeric,,
227052,Sodium_ApacheIV,Sodium_ApacheIV,chartevents,Scores - APACHE IV (2),,Numeric,,
227053,SodiumScore_ApacheIV,SodiumScore_ApacheIV,chartevents,Scores - APACHE IV (2),,Numeric,,
227054,TemperatureF_ApacheIV,TemperatureF_ApacheIV,chartevents,Scores - APACHE IV (2),Â°F,Numeric,,
227055,TempScore_ApacheIV,TempScore_ApacheIV,chartevents,Scores - APACHE IV (2),,Numeric,,
227056,Thrombolytic therapy,Thrombolytic therapy,chartevents,Scores - APACHE IV,,Checkbox,,
227057,Type of admission,Type of admission,chartevents,Scores - APACHE IV,,Text,,
227059,UrineScore_ApacheIV,UrineScore_ApacheIV,chartevents,Scores - APACHE IV (2),,Numeric,,
227060,Use A-aDO2,Use A-aDO2,chartevents,Scores - APACHE IV (2),,Checkbox,,
227061,Ventilated at any time during ICU Day 1,Ventilated at any time during ICU Day 1,chartevents,Scores - APACHE IV,,Checkbox,,
227062,WBC_ApacheIV,WBC_ApacheIV,chartevents,Scores - APACHE IV (2),,Numeric,,
227063,WBCScore_ApacheIV,WBCScore_ApacheIV,chartevents,Scores - APACHE IV (2),,Numeric,,
227066,Cerebral Perfusion Pressure,CPP,chartevents,Hemodynamics,mmHg,Numeric,,
227070,PACU Packed RBC Intake,PACU Packed RBC Intake,inputevents,Blood Products/Colloids,mL,Solution,,
227071,PACU Platelet Intake,PACU Platelet Intake,inputevents,Blood Products/Colloids,mL,Solution,,
227072,PACU FFP Intake,PACU FFP Intake,inputevents,Blood Products/Colloids,mL,Solution,,
227073,Anion gap,Anion gap,chartevents,Labs,,Numeric,,
227090,Lipids 10%,Lipids 10%,inputevents,Nutrition - Parenteral,mL,Solution,,
227100,Catheter insertion length (PICC),Catheter insertion length (PICC),chartevents,PICC Line Insertion,cm,Numeric,,
227105,Catheter insertion length (CVL),Catheter insertion length (CVL),chartevents,CVL Insertion,cm,Numeric,,
227111,PCA  dose units,PCA dose units,chartevents,Pain/Sedation,,Text,,
227113,PCA 1 hour limit units,PCA 1 hour limit units,chartevents,Pain/Sedation,,Text,,
227115,PCA bolus units,PCA bolus units,chartevents,Pain/Sedation,,Text,,
227117,PCA total dose units,PCA total dose units,chartevents,Pain/Sedation,,Text,,
227119,Epidural Location,Epidural Location,chartevents,Pain/Sedation,,Text,,
227120,Motor Deficit,Motor Deficit,chartevents,Pain/Sedation,,Text,,
227121,Pupil Response Right,Pupil Response R,chartevents,Neurological,,Text,,
227125,Indwelling (PortaCath) Port Type,Indwelling (PortaCath) Port Type,chartevents,Access Lines - Invasive,,Text,,
227126,Indwelling (PortaCath) Port #1 Date Accessed,Indwelling (PortaCath) Port #1 Date Accessed,datetimeevents,Access Lines - Invasive,,Date and time,,
227127,Indwelling (PortaCath) Port #1,Indwelling (PortaCath) Port #1,chartevents,Access Lines - Invasive,,Text,,
227128,Indwelling (PortaCath) Port #2,Indwelling (PortaCath) Port #2,chartevents,Access Lines - Invasive,,Text,,
227130,Trach Care,Trach Care,chartevents,Respiratory,,Checkbox,,
227131,Cont. Neb Med Dose,Cont. Neb Med Dose,chartevents,Respiratory,,Text,,
227133,Small Volume Neb Drug #2,SV Neb Drug #2,chartevents,Respiratory,,Text,,
227134,ATC Tube #,ATC Tube #,chartevents,Respiratory,,Text,,
227187,Pinsp (Draeger only),Pinsp (Draeger only),chartevents,Respiratory,cmH2O,Numeric,,
227194,Extubation,Extubation,procedureevents,1-Intubation/Extubation,,Processes,,
227197,Indwelling (PortaCath) Port #2 Date Accessed,Indwelling (PortaCath) Port #2 Date Accessed,datetimeevents,Access Lines - Invasive,,Date and time,,
227198,Indwelling (PortaCath) Port #1 Date De-accessed,Indwelling (PortaCath) Port #1 Date De-accessed,datetimeevents,Access Lines - Invasive,,Date and time,,
227199,Indwelling (PortaCath) Port #2 Date De-accessed,Indwelling (PortaCath) Port #2 Date De-accessed,datetimeevents,Access Lines - Invasive,,Date and time,,
227210,Propofol (Intubation),Propofol (Intubation),chartevents,Intubation,mg,Numeric,,
227211,Ketamine (Intubation),Ketamine (Intubation),chartevents,Intubation,mg,Numeric,,
227212,Etomidate (Intubation),Etomidate (Intubation),chartevents,Intubation,mg,Numeric,,
227213,Vecuronium (Intubation),Vecuronium (Intubation),chartevents,Intubation,mg,Numeric,,
227214,Cis-atracurium (Intubation),Cis-atracurium (Intubation),chartevents,Intubation,mg,Numeric,,
227215,Succynlocholine (Intubation),Succynlocholine (Intubation),chartevents,Intubation,mg,Numeric,,
227239,ABP Alarm Source,ABP Alarm Source,chartevents,Alarms,,Text,,
227240,NBP Alarm Source,NBP Alarm Source,chartevents,Alarms,,Text,,
227241,PAP Alarm Source,PAP Alarm Source,chartevents,Alarms,,Text,,
227242,Manual Blood Pressure Diastolic Right,Manual BPd R,chartevents,Routine Vital Signs,mmHg,Numeric,,
227243,Manual Blood Pressure Systolic Right,Manual BPs R,chartevents,Routine Vital Signs,mmHg,Numeric,,
227287,O2 Flow (additional cannula),O2 Flow (additional cannula),chartevents,Respiratory,L/min,Numeric,,
227288,Pupil Response Left,Pupil Response L,chartevents,Neurological,,Text,,
227290,CRRT mode,CRRT mode,chartevents,Dialysis,,Text,,
227341,History of falling (within 3 mnths),History of falling (within 3 mnths)*,chartevents,Restraint/Support Systems,,Text,,
227342,Secondary diagnosis,Secondary diagnosis,chartevents,Restraint/Support Systems,,Text,,
227343,Ambulatory aid,Ambulatory aid,chartevents,Restraint/Support Systems,,Text,,
227344,IV/Saline lock,IV/Saline lock,chartevents,Restraint/Support Systems,,Text,,
227345,Gait/Transferring,Gait/Transferring,chartevents,Restraint/Support Systems,,Text,,
227346,Mental status,Mental status,chartevents,Restraint/Support Systems,,Text,,
227349,High risk (>51) interventions,High risk (>51) interventions,chartevents,Restraint/Support Systems,,Checkbox,,
227361,Indwelling (PortaCath) Dressing Change,Indwelling (PortaCath) Dressing Change,datetimeevents,Access Lines - Invasive,,Date and time,,
227363,ICP Line Dressing Occlusive,ICP Line Dressing Occlusive,chartevents,Access Lines - Invasive,,Checkbox,,
227364,RIC Dressing Occlusive,RIC Dressing Occlusive,chartevents,Access Lines - Peripheral,,Checkbox,,
227365,14 Gauge Dressing Occlusive,14 Gauge Dressing Occlusive,chartevents,Access Lines - Peripheral,,Checkbox,,
227366,16 Gauge Dressing Occlusive,16 Gauge Dressing Occlusive,chartevents,Access Lines - Peripheral,,Checkbox,,
227367,18 Gauge Dressing Occlusive,18 Gauge Dressing Occlusive,chartevents,Access Lines - Peripheral,,Checkbox,,
227368,20 Gauge Dressing Occlusive,20 Gauge Dressing Occlusive,chartevents,Access Lines - Peripheral,,Checkbox,,
227369,22 Gauge Dressing Occlusive,22 Gauge Dressing Occlusive,chartevents,Access Lines - Peripheral,,Checkbox,,
227370,Peptamen VHP (Full),Peptamen VHP (Full),inputevents,Nutrition - Enteral,mL,Solution,,
227428,SOFA Score,SOFA Score,chartevents,General,,Numeric,,
227429,Troponin-T,Troponin-T,chartevents,Labs,,Numeric with tag,,
227438,Volume not removed,Volume not removed,chartevents,Dialysis,mL,Numeric,,
227439,Indwelling Port (PortaCath) placed in outside facility,Indwelling Port placed in outside facility,chartevents,Access Lines - Invasive,,Checkbox,,
227440,Digoxin,Digoxin,chartevents,Labs,,Numeric with tag,,
227441,LDL measured,LDL measured,chartevents,Labs,,Numeric with tag,,
227442,Potassium (serum),Potassium (serum),chartevents,Labs,,Numeric with tag,,
227443,HCO3 (serum),HCO3 (serum),chartevents,Labs,,Numeric with tag,,
227444,C Reactive Protein (CRP),C Reactive Protein (CRP),chartevents,Labs,,Numeric with tag,,
227445,CK-MB,CK-MB,chartevents,Labs,,Numeric with tag,,
227446,Brain Natiuretic Peptide (BNP),Brain Natiuretic Peptide (BNP),chartevents,Labs,,Numeric with tag,,
227447,Gentamicin (Random),Gentamicin (Random),chartevents,Labs,,Numeric with tag,,
227448,Gentamicin (Peak),Gentamicin (Peak),chartevents,Labs,,Numeric with tag,,
227449,Gentamicin (Trough),Gentamicin (Trough),chartevents,Labs,,Numeric with tag,,
227450,Tobramycin (Peak),Tobramycin (Peak),chartevents,Labs,,Numeric with tag,,
227451,Tobramycin (Random),Tobramycin (Random),chartevents,Labs,,Numeric with tag,,
227452,Tobramycin (Trough),Tobramycin (Trough),chartevents,Labs,,Numeric with tag,,
227453,Vancomycin (Peak),Vancomycin (Peak),chartevents,Labs,,Numeric with tag,,
227454,Vancomycin (Random),Vancomycin (Random),chartevents,Labs,,Numeric with tag,,
227455,Vancomycin (Trough),Vancomycin (Trough),chartevents,Labs,,Numeric with tag,,
227456,Albumin,Albumin,chartevents,Labs,,Numeric with tag,,
227457,Platelet Count,Platelet Count,chartevents,Labs,,Numeric with tag,,
227458,Procan,Procan,chartevents,Labs,,Numeric with tag,,
227459,Procan Napa,Procan Napa,chartevents,Labs,,Numeric with tag,,
227460,Phenobarbital,Phenobarbital,chartevents,Labs,,Numeric with tag,,
227461,Phenytoin (Dilantin),Phenytoin (Dilantin),chartevents,Labs,,Numeric with tag,,
227462,FK506,FK506,chartevents,Labs,,Numeric with tag,,
225306,Number of Attempts (Intubation),Number of Attempts (Intubation),chartevents,Intubation,,Text,,
225307,Oral ETT,Oral ETT,chartevents,Intubation,,Checkbox,,
225308,Nasal ETT,Nasal ETT,chartevents,Intubation,,Checkbox,,
225309,ART BP Systolic,ART BP Systolic,chartevents,Routine Vital Signs,mmHg,Numeric,,
225310,ART BP Diastolic,ART BP Diastolic,chartevents,Routine Vital Signs,mmHg,Numeric,,
225312,ART BP Mean,ART BP Mean,chartevents,Routine Vital Signs,mmHg,Numeric,,
225315,Tunneled (Hickman) Line,Tunneled (Hickman) Line,procedureevents,Access Lines - Invasive,,Processes,,
225316,CCO PAC Insertion Date,CCO PAC Insertion Date,datetimeevents,Access Lines - Invasive,,Date and time,,
225317,Trauma Line Insertion Date,Trauma Line Insertion Date,datetimeevents,Access Lines - Invasive,,Date and time,,
225318,Dialysis Catheter Cap Change,Dialysis Catheter Cap Change,datetimeevents,Access Lines - Invasive,,Date and time,,
225319,Dialysis Catheter Change over Wire Date,Dialysis Catheter Change over Wire Date,datetimeevents,Access Lines - Invasive,,Date and time,,
225321,Dialysis Catheter Dressing Change,Dialysis Catheter Dressing Change,datetimeevents,Access Lines - Invasive,,Date and time,,
225322,Dialysis Catheter Insertion Date,Dialysis Catheter Insertion Date,datetimeevents,Access Lines - Invasive,,Date and time,,
225323,Dialysis Catheter Site Appear,Dialysis Catheter Site Appear,chartevents,Access Lines - Invasive,,Text,,
225324,Dialysis CatheterTubing Change,Dialysis Catheter Tubing Change,datetimeevents,Access Lines - Invasive,,Date and time,,
225327,Tunneled (Hickman) Cap Change,Tunneled (Hickman) Cap Change,datetimeevents,Access Lines - Invasive,,Date and time,,
225328,Tunneled (Hickman) Change over Wire Date,Tunneled (Hickman) Change over Wire Date,datetimeevents,Access Lines - Invasive,,Date and time,,
225329,Tunneled (Hickman) Dressing Change,Tunneled (Hickman) Dressing Change,datetimeevents,Access Lines - Invasive,,Date and time,,
225330,Tunneled (Hickman) Insertion Date,Tunneled (Hickman) Insertion Date,datetimeevents,Access Lines - Invasive,,Date and time,,
225331,Tunneled (Hickman) Site Appear,Tunneled (Hickman) Site Appear,chartevents,Access Lines - Invasive,,Text,,
225332,Tunneled (Hickman) Tubing Change,Tunneled (Hickman) Tubing Change,datetimeevents,Access Lines - Invasive,,Date and time,,
225335,IABP Cap Change,IABP Cap Change,datetimeevents,Access Lines - Invasive,,Date and time,,
225336,IABP Change over Wire Date,IABP Change over Wire Date,datetimeevents,Access Lines - Invasive,,Date and time,,
225337,IABP Dressing Change,IABP Dressing Change,datetimeevents,Access Lines - Invasive,,Date and time,,
225338,IABP Insertion Date,IABP Insertion Date,datetimeevents,Access Lines - Invasive,,Date and time,,
225339,IABP Site Appear,IABP Site Appear,chartevents,Access Lines - Invasive,,Text,,
225340,IABP Tubing Change,IABP Tubing Change,datetimeevents,Access Lines - Invasive,,Date and time,,
225341,IABP Art. Waveform Appear,IABP Art. Waveform Appear,chartevents,Access Lines - Invasive,,Text,,
225342,IABP Zero/Calibrate,IABP Zero/Calibrate,chartevents,Access Lines - Invasive,,Checkbox,,
225343,Midline Cap Change,Midline Cap Change,datetimeevents,Access Lines - Invasive,,Date and time,,
225344,Midline Change over Wire Date,Midline Change over Wire Date,datetimeevents,Access Lines - Invasive,,Date and time,,
225345,Midline Dressing Change,Midline Dressing Change,datetimeevents,Access Lines - Invasive,,Date and time,,
225346,Midline Insertion Date,Midline Insertion Date,datetimeevents,Access Lines - Invasive,,Date and time,,
225347,Midline Site Appear,Midline Site Appear,chartevents,Access Lines - Invasive,,Text,,
225348,Midline Tubing Change,Midline Tubing Change,datetimeevents,Access Lines - Invasive,,Date and time,,
225351,PA Catheter Cap Change,PA Catheter Cap Change,datetimeevents,Access Lines - Invasive,,Date and time,,
225352,PA Catheter Change over Wire Date,PA Catheter Change over Wire Date,datetimeevents,Access Lines - Invasive,,Date and time,,
225353,PA Catheter Dressing Change,PA Catheter Dressing Change,datetimeevents,Access Lines - Invasive,,Date and time,,
225354,PA Catheter Insertion Date,PA Catheter Insertion Date,datetimeevents,Access Lines - Invasive,,Date and time,,
225355,PA Catheter Site Appear,PA Catheter Site Appear,chartevents,Access Lines - Invasive,,Text,,
225356,PA Catheter Tubing Change,PA Catheter Tubing Change,datetimeevents,Access Lines - Invasive,,Date and time,,
225357,PA Catheter Waveform Appear,PA Catheter Waveform Appear,chartevents,Access Lines - Invasive,,Text,,
225358,PA Catheter Zero/Calibrate,PA Catheter Zero/Calibrate,chartevents,Access Lines - Invasive,,Checkbox,,
225367,Pheresis Catheter Cap Change,Pheresis Catheter Cap Change,datetimeevents,Access Lines - Invasive,,Date and time,,
225368,Pheresis Catheter Change over Wire Date,Pheresis Catheter Change over Wire Date,datetimeevents,Access Lines - Invasive,,Date and time,,
225369,Pheresis Catheter Dressing Change,Pheresis Catheter Dressing Change,datetimeevents,Access Lines - Invasive,,Date and time,,
225370,Pheresis Catheter Insertion Date,Pheresis Catheter Insertion Date,datetimeevents,Access Lines - Invasive,,Date and time,,
225371,Pheresis Catheter Site Appear,Pheresis Catheter Site Appear,chartevents,Access Lines - Invasive,,Text,,
225372,Pheresis Catheter Tubing Change,Pheresis Catheter Tubing Change,datetimeevents,Access Lines - Invasive,,Date and time,,
225375,Indwelling Port (PortaCath) Cap Change,Indwelling Port (PortaCath) Cap Change,datetimeevents,Access Lines - Invasive,,Date and time,,
225376,Indwelling Port (PortaCath) Change over Wire Date,Indwelling Port (PortaCath) Change over Wire Date,datetimeevents,Access Lines - Invasive,,Date and time,,
225377,Indwelling Port (PortaCath) Dressing Change,Indwelling Port (PortaCath) Dressing Change,datetimeevents,Access Lines - Invasive,,Date and time,,
225378,Indwelling Port (PortaCath) Insertion Date,Indwelling Port (PortaCath) Insertion Date,datetimeevents,Access Lines - Invasive,,Date and time,,
225379,Indwelling Port (PortaCath) Site Appear,Indwelling Port (PortaCath) Site Appear,chartevents,Access Lines - Invasive,,Text,,
225380,Indwelling Port (PortaCath)Tubing Change,Indwelling Port (PortaCath) Tubing Change,datetimeevents,Access Lines - Invasive,,Date and time,,
225383,Presep Catheter Cap Change,Presep Catheter Cap Change,datetimeevents,Access Lines - Invasive,,Date and time,,
225384,Presep Catheter Change over Wire Date,Presep Catheter Change over Wire Date,datetimeevents,Access Lines - Invasive,,Date and time,,
225385,Presep Catheter Dressing Change,Presep Catheter Dressing Change,datetimeevents,Access Lines - Invasive,,Date and time,,
225386,Presep Catheter Insertion Date,Presep Catheter Insertion Date,datetimeevents,Access Lines - Invasive,,Date and time,,
225387,Presep Catheter Site Appear,Presep Catheter Site Appear,chartevents,Access Lines - Invasive,,Text,,
225388,Presep Catheter Waveform Appear,Presep Catheter Waveform Appear,chartevents,Access Lines - Invasive,,Text,,
225389,Presep Catheter Zero/Calibrate,Presep Catheter Zero/Calibrate,chartevents,Access Lines - Invasive,,Checkbox,,
225390,Presep Catheter Tubing Change,Presep Catheter Tubing Change,datetimeevents,Access Lines - Invasive,,Date and time,,
225391,Triple Introducer Cap Change,Triple Introducer Cap Change,datetimeevents,Access Lines - Invasive,,Date and time,,
225392,Triple Introducer Change over Wire Date,Triple Introducer Change over Wire Date,datetimeevents,Access Lines - Invasive,,Date and time,,
225393,Triple Introducer Dressing Change,Triple Introducer Dressing Change,datetimeevents,Access Lines - Invasive,,Date and time,,
225394,Triple Introducer Insertion Date,Triple Introducer Insertion Date,datetimeevents,Access Lines - Invasive,,Date and time,,
225395,Triple Introducer Site Appear,Triple Introducer Site Appear,chartevents,Access Lines - Invasive,,Text,,
225396,Triple Introducer Tubing Change,Triple Introducer Tubing Change,datetimeevents,Access Lines - Invasive,,Date and time,,
225397,Triple Introducer Waveform Appear,Triple Introducer Waveform Appear,chartevents,Access Lines - Invasive,,Text,,
225398,Triple Introducer Zero/Calibrate,Triple Introducer Zero/Calibrate,chartevents,Access Lines - Invasive,,Checkbox,,
225399,Lumbar Puncture,Lumbar Puncture,procedureevents,4-Procedures,,Processes,,
225400,Bronchoscopy,Bronchoscopy,procedureevents,4-Procedures,,Processes,,
225401,Blood Cultured,Blood Cultured,procedureevents,6-Cultures,,Processes,,
225402,EKG,EKG,procedureevents,4-Procedures,,Processes,,
225406,Transferred to Floor,Transferred to Floor,procedureevents,3-Significant Events,,Processes,,
225411,Patient on vent,Patient on vent,chartevents,Case Management,,Text,,
225414,Home without services,Home without services,chartevents,Case Management,,Checkbox,,
225427,Angiography,Angiography,procedureevents,5-Imaging,,Processes,,
225428,Blakemore / Minnesota Tube D/C,Blakemore / Minnesota Tube D/C,procedureevents,4-Procedures,,Processes,,
225429,Blakemore / MinnesotaTube Inserted,Blakemore / MinnesotaTube Inserted,procedureevents,4-Procedures,,Processes,,
225430,Cardiac Cath,Cardiac Cath,procedureevents,4-Procedures,,Processes,,
225432,Transthoracic Echo,Transthoracic Echo,procedureevents,5-Imaging,,Processes,,
227583,Autoset/CPAP,Autoset/CPAP,chartevents,Respiratory,,Text,,
225433,Chest Tube Placed,Chest Tube Placed,procedureevents,4-Procedures,,Processes,,
225434,Colonoscopy,Colonoscopy,procedureevents,4-Procedures,,Processes,,
225436,CRRT Filter Change,CRRT Filter Change,procedureevents,Dialysis,,Processes,,
225437,CSF Culture,CSF Culture,procedureevents,6-Cultures,,Processes,,
225439,Endoscopy,Endoscopy,procedureevents,4-Procedures,,Processes,,
225440,Fluoroscopy,Fluoroscopy,procedureevents,3-Significant Events,,Processes,,
225441,Hemodialysis,Hemodialysis,procedureevents,4-Procedures,,Processes,,
225442,Liver Biopsy,Liver Biopsy,procedureevents,4-Procedures,,Processes,,
225443,Nuclear Medicine,Nuclear Medicine,procedureevents,3-Significant Events,,Processes,,
225444,Pan Culture,Pan Culture,procedureevents,6-Cultures,,Processes,,
225445,Paracentesis,Paracentesis,procedureevents,4-Procedures,,Processes,,
225446,PEG Insertion,PEG Insertion,procedureevents,4-Procedures,,Processes,,
225447,Percutaneous Drain Insertion,Percutaneous Drain Insertion,procedureevents,4-Procedures,,Processes,,
225448,Percutaneous Tracheostomy,Percutaneous Tracheostomy,procedureevents,1-Intubation/Extubation,,Processes,,
225449,Pericardiocentesis,Pericardiocentesis,procedureevents,4-Procedures,,Processes,,
225450,Radiation Therapy,Radiation Therapy,procedureevents,4-Procedures,,Processes,,
225451,Sputum Culture,Sputum Culture,procedureevents,6-Cultures,,Processes,,
225454,Urine Culture,Urine Culture,procedureevents,6-Cultures,,Processes,,
225456,Ventricular Drain,Ventricular Drain,procedureevents,3-Significant Events,,Processes,,
225457,Abdominal X-Ray,Abdominal X-Ray,procedureevents,5-Imaging,,Processes,,
225459,Chest X-Ray,Chest X-Ray,procedureevents,5-Imaging,,Processes,,
225460,Cervical Spine,Cervical Spine,procedureevents,5-Imaging,,Processes,,
225461,Pelvis,Pelvis,procedureevents,5-Imaging,,Processes,,
225462,Interventional Radiology,Interventional Radiology,procedureevents,5-Imaging,,Processes,,
225463,TLS Spine,TLS Spine,procedureevents,5-Imaging,,Processes,,
225464,Cardioversion/Defibrillation,Cardioversion/Defibrillation,procedureevents,3-Significant Events,,Processes,,
225465,Chest Pain,Chest Pain,procedureevents,3-Significant Events,,Processes,,
225466,Cardiac Arrest,Cardiac Arrest,procedureevents,3-Significant Events,,Processes,,
225467,Chest Opened,Chest Opened,procedureevents,3-Significant Events,,Processes,,
225468,Unplanned Extubation (patient-initiated),Unplanned Extubation (patient-initiated),procedureevents,1-Intubation/Extubation,,Processes,,
225469,OR Received,OR Received,procedureevents,3-Significant Events,,Processes,,
225472,Pneumothorax,Pneumothorax,procedureevents,3-Significant Events,,Processes,,
225474,Fall,Fall,procedureevents,3-Significant Events,,Processes,,
225475,Respiratory Arrest,Respiratory Arrest,procedureevents,3-Significant Events,,Processes,,
